id,username,password,won,tag
0_0,test01.loadtestuser@ibnx-hse.com,Ibnx@123,Work order #,30-100-0110-E11050 Heat exchanger
0_1,test02.loadtestuser@ibnx-hse.com,Ibnx@123,Work order #,30-100-0110-E11050 Heat exchanger
0_2,test03.loadtestuser@ibnx-hse.com,Ibnx@123,Work order #,30-100-0110-E11050 Heat exchanger
0_3,test04.loadtestuser@ibnx-hse.com,Ibnx@123,Work order #,30-100-0110-E11050 Heat exchanger
0_4,test05.loadtestuser@ibnx-hse.com,Ibnx@123,Work order #,30-100-0110-E11050 Heat exchanger
0_5,AutoOperationalExpert,Ibnx@123,Work order #,30-100-0110-E11050 Heat exchanger
0_6,AutoPermitDefiner,Ibnx@123,Work order #,30-100-0110-E11050 Heat exchanger
0_7,AutoPermitHandout,Ibnx@123,Work order #,30-100-0110-E11050 Heat exchanger
0_8,AutoPlanner,Ibnx@123,Work order #,30-100-0110-E11050 Heat exchanger
0_9,AutoPTWRequester,Ibnx@123,Work order #,30-100-0110-E11050 Heat exchanger
0_10,AutoPTWTemplateAdmin,Ibnx@123,Work order #,30-100-0110-E11050 Heat exchanger
